timestamp,site,url,http_code,response_time_s,result,note
2026-08-26 09:16:05（台北時間）,KCG,https://data.kcg.gov.tw/,000,30.001,FAIL,連線逾時（30s 無回應）
2026-08-26 09:16:05（台北時間）,MOL,https://statfy.mol.gov.tw/statistic_DB.aspx,000,30.001,FAIL,連線逾時（30s 無回應）
2026-08-26 13:00:03（台北時間）,KCG,https://data.kcg.gov.tw/,000,30.002,FAIL,連線逾時（30s 無回應）
2026-08-26 13:00:03（台北時間）,MOL,https://statfy.mol.gov.tw/statistic_DB.aspx,000,30.002,FAIL,連線逾時（30s 無回應）
2026-08-26 15:39:38（台北時間）,KCG,https://data.kcg.gov.tw/,000,30.002,FAIL,連線逾時（30s 無回應）
2026-08-26 15:39:38（台北時間）,MOL,https://statfy.mol.gov.tw/statistic_DB.aspx,000,30.002,FAIL,連線逾時（30s 無回應）
2026-08-26 21:48:27（台北時間）,KCG,https://data.kcg.gov.tw/,000,30.003,FAIL,連線逾時（30s 無回應）
2026-08-26 21:48:27（台北時間）,MOL,https://statfy.mol.gov.tw/statistic_DB.aspx,000,30.002,FAIL,連線逾時（30s 無回應）
2026-08-27 18:48:31（台北時間）,KCG,https://data.kcg.gov.tw/,000,30.002,FAIL,連線逾時（30s 無回應）
2026-08-27 18:48:31（台北時間）,MOL,https://statfy.mol.gov.tw/statistic_DB.aspx,000,30.001,FAIL,連線逾時（30s 無回應）
2026-08-28 06:42:43（台北時間）,KCG,https://data.kcg.gov.tw/,000,30.002,FAIL,連線逾時（30s 無回應）
2026-08-28 06:42:43（台北時間）,MOL,https://statfy.mol.gov.tw/statistic_DB.aspx,000,30.001,FAIL,連線逾時（30s 無回應）
2026-08-28 20:24:46（台北時間）,KCG,https://data.kcg.gov.tw/,000,30.001,FAIL,連線逾時（30s 無回應）
2026-08-28 20:24:46（台北時間）,MOL,https://statfy.mol.gov.tw/statistic_DB.aspx,000,30.002,FAIL,連線逾時（30s 無回應）
2026-08-29 06:49:41（台北時間）,KCG,https://data.kcg.gov.tw/,000,30.002,FAIL,連線逾時（30s 無回應）
2026-08-29 06:49:41（台北時間）,MOL,https://statfy.mol.gov.tw/statistic_DB.aspx,000,30.002,FAIL,連線逾時（30s 無回應）
2026-08-29 15:34:31（台北時間）,KCG,https://data.kcg.gov.tw/,000,30.003,FAIL,連線逾時（30s 無回應）
2026-08-29 15:34:31（台北時間）,MOL,https://statfy.mol.gov.tw/statistic_DB.aspx,000,30.002,FAIL,連線逾時（30s 無回應）
2026-08-30 00:56:20（台北時間）,KCG,https://data.kcg.gov.tw/,000,30.001,FAIL,連線逾時（30s 無回應）
2026-08-30 00:56:20（台北時間）,MOL,https://statfy.mol.gov.tw/statistic_DB.aspx,000,30.001,FAIL,連線逾時（30s 無回應）
2026-08-30 14:07:22（台北時間）,KCG,https://data.kcg.gov.tw/,000,30.001,FAIL,連線逾時（30s 無回應）
2026-08-30 14:07:22（台北時間）,MOL,https://statfy.mol.gov.tw/statistic_DB.aspx,000,30.001,FAIL,連線逾時（30s 無回應）
2026-08-30 20:28:50（台北時間）,KCG,https://data.kcg.gov.tw/,000,30.002,FAIL,連線逾時（30s 無回應）
2026-08-30 20:28:50（台北時間）,MOL,https://statfy.mol.gov.tw/statistic_DB.aspx,000,30.003,FAIL,連線逾時（30s 無回應）
2026-08-31 01:06:43（台北時間）,KCG,https://data.kcg.gov.tw/,000,30.001,FAIL,連線逾時（30s 無回應）
2026-08-31 01:06:43（台北時間）,MOL,https://statfy.mol.gov.tw/statistic_DB.aspx,000,30.001,FAIL,連線逾時（30s 無回應）
2026-08-31 14:29:56（台北時間）,KCG,https://data.kcg.gov.tw/,000,30.001,FAIL,連線逾時（30s 無回應）
2026-08-31 14:29:56（台北時間）,MOL,https://statfy.mol.gov.tw/statistic_DB.aspx,000,30.002,FAIL,連線逾時（30s 無回應）
2026-08-31 22:41:57（台北時間）,KCG,https://data.kcg.gov.tw/,000,30.003,FAIL,連線逾時（30s 無回應）
2026-08-31 22:41:57（台北時間）,MOL,https://statfy.mol.gov.tw/statistic_DB.aspx,000,30.002,FAIL,連線逾時（30s 無回應）
2026-09-01 13:56:01（台北時間）,KCG,https://data.kcg.gov.tw/,000,30.002,FAIL,連線逾時（30s 無回應）
2026-09-01 13:56:01（台北時間）,MOL,https://statfy.mol.gov.tw/statistic_DB.aspx,000,30.002,FAIL,連線逾時（30s 無回應）
2026-09-01 20:16:13（台北時間）,KCG,https://data.kcg.gov.tw/,000,30.002,FAIL,連線逾時（30s 無回應）
2026-09-01 20:16:13（台北時間）,MOL,https://statfy.mol.gov.tw/statistic_DB.aspx,000,30.003,FAIL,連線逾時（30s 無回應）
2026-09-02 01:05:29（台北時間）,KCG,https://data.kcg.gov.tw/,000,30.001,FAIL,連線逾時（30s 無回應）
2026-09-02 01:05:29（台北時間）,MOL,https://statfy.mol.gov.tw/statistic_DB.aspx,000,30.001,FAIL,連線逾時（30s 無回應）
2026-09-02 13:18:36（台北時間）,KCG,https://data.kcg.gov.tw/,000,30.002,FAIL,連線逾時（30s 無回應）
2026-09-02 13:18:36（台北時間）,MOL,https://statfy.mol.gov.tw/statistic_DB.aspx,000,30.001,FAIL,連線逾時（30s 無回應）
2026-09-02 19:53:23（台北時間）,KCG,https://data.kcg.gov.tw/,000,30.002,FAIL,連線逾時（30s 無回應）
2026-09-02 19:53:23（台北時間）,MOL,https://statfy.mol.gov.tw/statistic_DB.aspx,000,30.002,FAIL,連線逾時（30s 無回應）
2026-09-03 00:56:11（台北時間）,KCG,https://data.kcg.gov.tw/,000,30.003,FAIL,連線逾時（30s 無回應）
2026-09-03 00:56:11（台北時間）,MOL,https://statfy.mol.gov.tw/statistic_DB.aspx,000,30.002,FAIL,連線逾時（30s 無回應）
2026-09-03 13:23:26（台北時間）,KCG,https://data.kcg.gov.tw/,000,30.002,FAIL,連線逾時（30s 無回應）
2026-09-03 13:23:26（台北時間）,MOL,https://statfy.mol.gov.tw/statistic_DB.aspx,000,30.002,FAIL,連線逾時（30s 無回應）
